clade	gene	site	alt
V1A	nuc	227	G
V1A	nuc	665	C
V1A	nuc	1361	T
V1A	nuc	1842	T
V1A.1	nuc	227	G
V1A.1	nuc	665	C
V1A.1	nuc	1361	T
V1A.1	nuc	1842	T
V1A.1	HA1	162	-
V1A.1	HA2	150	K
V1A.1	HA1	128	G
V1A.1	HA1	179	V
V1A.1	HA1	161	-
V1A.2	nuc	227	G
V1A.2	nuc	665	C
V1A.2	nuc	1361	T
V1A.2	nuc	1842	T
V1A.2	HA1	162	-
V1A.2	HA1	163	-
V1A.2	HA1	208	N
V1A.2	HA1	179	T
V1A.3	nuc	227	G
V1A.3	nuc	665	C
V1A.3	nuc	1361	T
V1A.3	nuc	1842	T
V1A.3	HA1	162	-
V1A.3	nuc	483	G
V1A.3	HA1	135	E
V1A.3	HA1	163	-
V1A.3a	nuc	227	G
V1A.3a	nuc	665	C
V1A.3a	nuc	1361	T
V1A.3a	nuc	1842	T
V1A.3a	HA1	162	-
V1A.3a	nuc	483	G
V1A.3a	HA1	135	E
V1A.3a	HA1	163	-
V1A.3a	HA1	183	E
V1A.3a	HA1	196	D
V1A.3a	HA1	278	K
V1A.3a	HA1	149	K
V1A.3a.1	nuc	227	G
V1A.3a.1	nuc	665	C
V1A.3a.1	nuc	1361	T
V1A.3a.1	nuc	1842	T
V1A.3a.1	HA1	162	-
V1A.3a.1	nuc	483	G
V1A.3a.1	HA1	135	E
V1A.3a.1	HA1	163	-
V1A.3a.1	HA1	183	E
V1A.3a.1	HA1	196	D
V1A.3a.1	HA1	278	K
V1A.3a.1	HA1	149	K
V1A.3a.1	HA1	219	M
V1A.3a.1	HA1	240	Q
V1A.3a.2	nuc	227	G
V1A.3a.2	nuc	665	C
V1A.3a.2	nuc	1361	T
V1A.3a.2	nuc	1842	T
V1A.3a.2	HA1	162	-
V1A.3a.2	nuc	483	G
V1A.3a.2	HA1	135	E
V1A.3a.2	HA1	163	-
V1A.3a.2	HA1	183	E
V1A.3a.2	HA1	196	D
V1A.3a.2	HA1	278	K
V1A.3a.2	HA1	149	K
V1A.3a.2	HA1	143	L
V1A.3a.2	HA1	126	T
V1A.3a.2	HA1	202	R
V1B	nuc	1193	G
V1B	nuc	1055	G
